feature,importance
had_inpatient,0.106444776
total_visits,0.10200134
discharge_disposition_Expired,0.06280935
comorbidity_score,0.034544647
discharge_disposition_Hospice_medical_facility,0.02029946
discharge_disposition_Hospice_home,0.017948994
diag_1_category_Neoplasms,0.017482676
medical_specialty_ObstetricsandGynecology,0.01455346
polypharmacy_level,0.013315814
medical_specialty_Surgery_Cardiovascular_Thoracic,0.013180814
medical_specialty_Emergency_Trauma,0.012486904
age__70_80_,0.012197449
discharge_disposition_Unknown_Invalid,0.010850471
discharge_disposition_Discharged_transferred_to_home_with_home_health_service,0.010657013
medical_specialty_Orthopedics_Reconstructive,0.010598624
diag_2_category_Diseases_of_the_skin_and_subcutaneous_tissue,0.010324856
discharge_disposition_Discharged_transferred_to_another_rehab_fac_including_rehab_units_of_a_hospital_,0.009989082
diag_1_category_Diseases_of_the_respiratory_system,0.009946288
age__80_90_,0.009509744
race_Caucasian,0.009180553
race_AfricanAmerican,0.009167521
num_procedures,0.008904124
stay_length_cat,0.008724704
diag_1_category_Symptoms_signs_and_ill_defined_conditions,0.008710878
change,0.008507983
age__20_30_,0.008339353
diag_1_category_Injury_and_poisoning,0.008277078
medical_specialty_Surgery_Neuro,0.008204956
glipizide,0.007686032
diag_1_category_Diseases_of_the_musculoskeletal_system_and_connective_tissue,0.007325726
diag_2_category_Injury_and_poisoning,0.0072971955
medical_specialty_Nephrology,0.0071756425
diag_1_category_Endocrine_nutritional_and_metabolic_diseases_and_immunity_disorders,0.007174099
had_emergency,0.0071584717
diag_1_category_Diseases_of_the_circulatory_system,0.00713161
discharge_disposition_Discharged_transferred_to_SNF,0.00700772
race_Asian,0.0069220504
medical_specialty_Orthopedics,0.0068767993
diag_2_category_Unknown,0.0065108207
discharge_disposition_Discharged_to_home,0.0064486773
medical_specialty_PhysicalMedicineandRehabilitation,0.006330419
metformin,0.006186857
diag_3_category_Neoplasms,0.006184567
discharge_disposition_Discharged_transferred_to_a_long_term_care_hospital_,0.0061362768
age__90_100_,0.005988431
discharge_disposition_Discharged_transferred_to_another_type_of_inpatient_care_institution,0.0058938307
diag_1_category_Supplemental_classification,0.00584317
age__50_60_,0.0058421977
discharge_disposition_Not_Mapped,0.005713511
glyburide,0.0056857294
diag_3_category_Diseases_of_the_nervous_system_and_sense_organs,0.0056363447
num_lab_procedures,0.0055849566
race_Other,0.0055333646
diag_3_category_Injury_and_poisoning,0.0055120424
medical_specialty_InternalMedicine,0.005510697
medical_specialty_Cardiology,0.0054895086
insulin,0.005443408
age__30_40_,0.005408087
diag_1_category_Mental_disorders,0.005383726
medical_specialty_Psychology,0.0053537535
medical_specialty_Pediatrics_Endocrinology,0.0053448533
diag_2_category_Diseases_of_the_circulatory_system,0.0052987067
discharge_disposition_Discharged_transferred_to_another_short_term_hospital,0.0051417938
medical_specialty_Neurology,0.005137789
medical_specialty_Hospitalist,0.0051300433
diag_1_category_Diseases_of_the_blood_and_blood_forming_organs,0.005038249
medical_specialty_Gastroenterology,0.0049283556
A1Cresult,0.004908854
medical_specialty_Hematology_Oncology,0.004785138
diag_3_category_Unknown,0.004738117
diag_2_category_Congenital_anomalies,0.004731817
diag_1_category_Diseases_of_the_nervous_system_and_sense_organs,0.004721662
medical_specialty_Otolaryngology,0.0046822317
discharge_disposition_Discharged_transferred_referred_to_a_psychiatric_hospital_of_psychiatric_distinct_part_unit_of_a_hospital,0.004670497
medical_specialty_Hematology,0.0046603126
discharge_disposition_Discharged_transferred_within_this_institution_to_Medicare_approved_swing_bed,0.004539024
diag_2_category_Diseases_of_the_genitourinary_system,0.004524421
diag_2_category_Symptoms_signs_and_ill_defined_conditions,0.0045204908
had_outpatient,0.004484061
diag_3_category_Diseases_of_the_skin_and_subcutaneous_tissue,0.0044799247
discharge_disposition_Discharged_transferred_to_ICF,0.0044521396
diag_3_category_Diseases_of_the_genitourinary_system,0.004434561
diag_1_category_Infectious_and_parasitic_diseases,0.0043836073
diag_1_category_Diseases_of_the_digestive_system,0.0042282636
age__40_50_,0.0040786923
diag_3_category_Diseases_of_the_respiratory_system,0.0039464673
medical_specialty_Surgery_Cardiovascular,0.0039364346
diag_1_category_Diseases_of_the_genitourinary_system,0.003889717
diag_3_category_Supplemental_classification,0.003844069
race_Hispanic,0.003827227
medical_specialty_Surgery_General,0.0038244368
diag_2_category_Supplemental_classification,0.0038102008
diag_3_category_Diseases_of_the_digestive_system,0.0037958347
diag_3_category_Diseases_of_the_musculoskeletal_system_and_connective_tissue,0.003737508
diag_2_category_Endocrine_nutritional_and_metabolic_diseases_and_immunity_disorders,0.0037188162
diag_2_category_Neoplasms,0.0036715546
medical_specialty_Surgeon,0.0034594727
gender,0.0034354916
diag_2_category_Mental_disorders,0.003370478
diag_2_category_Diseases_of_the_musculoskeletal_system_and_connective_tissue,0.0033389004
medical_specialty_Psychiatry,0.003244833
medical_specialty_Gynecology,0.0032325017
age__10_20_,0.0031575756
medical_specialty_Family_GeneralPractice,0.0031452202
diag_1_category_Diseases_of_the_skin_and_subcutaneous_tissue,0.003102815
diag_3_category_Endocrine_nutritional_and_metabolic_diseases_and_immunity_disorders,0.003002669
diag_3_category_Infectious_and_parasitic_diseases,0.002991616
diag_2_category_Diseases_of_the_blood_and_blood_forming_organs,0.002922515
age__60_70_,0.00286975
medical_specialty_Surgery_Vascular,0.0028229356
medical_specialty_Pediatrics_Pulmonology,0.0027897754
medical_specialty_Pediatrics,0.0027398511
diag_3_category_External_causes_of_injury,0.002705043
medical_specialty_Radiologist,0.0024255803
diag_3_category_Diseases_of_the_circulatory_system,0.002345485
diag_2_category_Diseases_of_the_digestive_system,0.0021609936
diag_2_category_Diseases_of_the_respiratory_system,0.0021592672
diag_3_category_Mental_disorders,0.0019967547
medical_specialty_Pediatrics_AllergyandImmunology,0.0
diag_2_category_Infectious_and_parasitic_diseases,0.0
medical_specialty_Ophthalmology,0.0
medical_specialty_Perinatology,0.0
diag_3_category_Congenital_anomalies,0.0
medical_specialty_DCPTEAM,0.0
medical_specialty_Anesthesiology,0.0
discharge_disposition_Left_AMA,0.0
medical_specialty_Surgery_Thoracic,0.0
discharge_disposition_Discharged_transferred_to_a_federal_health_care_facility_,0.0
medical_specialty_Surgery_Maxillofacial,0.0
medical_specialty_AllergyandImmunology,0.0
medical_specialty_Urology,0.0
medical_specialty_Psychiatry_Child_Adolescent,0.0
medical_specialty_Dermatology,0.0
diag_1_category_External_causes_of_injury,0.0
medical_specialty_Pediatrics_InfectiousDiseases,0.0
medical_specialty_Pediatrics_Hematology_Oncology,0.0
medical_specialty_Endocrinology_Metabolism,0.0
medical_specialty_Oncology,0.0
medical_specialty_Pathology,0.0
medical_specialty_Obsterics_Gynecology_GynecologicOnco,0.0
medical_specialty_Anesthesiology_Pediatric,0.0
medical_specialty_Surgery_Plastic,0.0
medical_specialty_Podiatry,0.0
medical_specialty_Pediatrics_CriticalCare,0.0
medical_specialty_Psychiatry_Addictive,0.0
medical_specialty_Proctology,0.0
discharge_disposition_Discharged_transferred_referred_another_institution_for_outpatient_services,0.0
medical_specialty_Osteopath,0.0
medical_specialty_Speech,0.0
medical_specialty_Surgery_Colon_Rectal,0.0
medical_specialty_Endocrinology,0.0
medical_specialty_Pediatrics_Neurology,0.0
medical_specialty_Rheumatology,0.0
discharge_disposition_Discharged_transferred_to_home_under_care_of_Home_IV_provider,0.0
medical_specialty_OutreachServices,0.0
discharge_disposition_Discharged_transferred_to_a_nursing_facility_certified_under_Medicaid_but_not_certified_under_Medicare_,0.0
discharge_disposition_Discharged_transferred_referred_to_this_institution_for_outpatient_services,0.0
medical_specialty_PhysicianNotFound,0.0
medical_specialty_Dentistry,0.0
medical_specialty_InfectiousDiseases,0.0
medical_specialty_Neurophysiology,0.0
discharge_disposition_Still_patient_or_expected_to_return_for_outpatient_services,0.0
discharge_disposition_Expired_in_a_medical_facility_Medicaid_only_hospice_,0.0
medical_specialty_Resident,0.0
discharge_disposition_Neonate_discharged_to_another_hospital_for_neonatal_aftercare,0.0
diag_3_category_Diseases_of_the_blood_and_blood_forming_organs,0.0
diag_1_category_Congenital_anomalies,0.0
medical_specialty_Surgery_PlasticwithinHeadandNeck,0.0
medical_specialty_Cardiology_Pediatric,0.0
medical_specialty_Pediatrics_EmergencyMedicine,0.0
diag_2_category_External_causes_of_injury,0.0
medical_specialty_SurgicalSpecialty,0.0
discharge_disposition_Expired_at_home_Medicaid_only_hospice_,0.0
medical_specialty_Obstetrics,0.0
diag_3_category_Symptoms_signs_and_ill_defined_conditions,0.0
medical_specialty_SportsMedicine,0.0
diag_2_category_Diseases_of_the_nervous_system_and_sense_organs,0.0
medical_specialty_Radiology,0.0
medical_specialty_Pulmonology,0.0
medical_specialty_Surgery_Pediatric,0.0
